Event_Type,Keys_Migrated,Key_Size,Migration_Time
Handover,15,32768,25.086402893066406
Handover,15,32768,25.238990783691406
Handover,15,32768,23.620128631591797
Handover,15,32768,26.7946720123291
Handover,15,32768,28.758764266967773
Handover,15,32768,21.11363410949707
Handover,15,32768,29.584646224975586
Handover,15,32768,27.122974395751953
Handover,15,32768,30.626773834228516
Handover,15,32768,26.504993438720703
