Event_Type,Keys_Migrated,Key_Size,Migration_Time
Handover,23,32768,34.85250473022461
Handover,23,32768,34.80267524719238
Handover,23,32768,30.81345558166504
Handover,23,32768,34.047603607177734
Handover,23,32768,34.329891204833984
Handover,23,32768,33.27584266662598
Handover,23,32768,36.403656005859375
Handover,23,32768,35.854339599609375
Handover,23,32768,30.56049346923828
Handover,23,32768,30.44915199279785
