Event_Type,Keys_Migrated,Key_Size,Migration_Time
Handover,31,32768,43.52521896362305
Handover,31,32768,44.65889930725098
Handover,31,32768,40.921688079833984
Handover,31,32768,40.338993072509766
Handover,31,32768,41.84079170227051
Handover,31,32768,41.4888858795166
Handover,31,32768,43.717145919799805
Handover,31,32768,41.81241989135742
Handover,31,32768,41.08262062072754
Handover,31,32768,40.8778190612793
