Event_Type,Keys_Migrated,Key_Size,Migration_Time
Hint,1,10240,6.029367446899414
Hint,1,10240,3.193378448486328
Hint,1,10240,33.94317626953125
Hint,1,10240,25.371074676513672
Hint,1,10240,28.7015438079834
Handover,5,10240,36.444902420043945
Hint,1,10240,5.520820617675781
Hint,1,10240,3.721952438354492
Hint,1,10240,33.30850601196289
Hint,1,10240,28.85293960571289
Hint,1,10240,32.836198806762695
Handover,6,10240,36.39817237854004
