Event_Type,Keys_Migrated,Key_Size,Migration_Time
Hint,1,327680,22.54319190979004
Hint,1,327680,15.085935592651367
Hint,1,327680,15.472650527954102
Hint,1,327680,18.785476684570312
Hint,1,327680,18.304109573364258
Hint,1,327680,14.383554458618164
Hint,1,327680,13.14091682434082
Handover,6,327680,43.04075241088867
