Event_Type,Keys_Migrated,Key_Size,Migration_Time
Hint,1,327680,27.591228485107422
Hint,1,327680,15.243768692016602
Hint,1,327680,17.006874084472656
Hint,1,327680,22.511005401611328
Hint,1,327680,17.551898956298828
Hint,1,327680,21.12269401550293
Handover,5,327680,45.39370536804199
Hint,1,327680,22.304773330688477
Hint,1,327680,26.39603614807129
Hint,1,327680,17.35091209411621
Hint,1,327680,21.518468856811523
Hint,1,327680,17.896652221679688
Handover,6,327680,38.990020751953125
