Event_Type,Keys_Migrated,Key_Size,Migration_Time
Handover,10,10240,153.98716926574707
Handover,10,10240,155.7760238647461
Handover,10,10240,153.6111831665039
Handover,10,10240,151.87406539916992
Handover,10,10240,153.74755859375
Handover,10,10240,155.69663047790527
Handover,10,10240,154.91271018981934
Handover,10,10240,152.58240699768066
Handover,10,10240,156.74710273742676
Handover,10,10240,151.65233612060547
Handover,10,10240,152.07982063293457
Handover,10,10240,156.68511390686035
Handover,10,10240,159.31081771850586
Handover,10,10240,158.25343132019043
Handover,10,10240,164.1528606414795
Handover,10,10240,159.0576171875
Handover,10,10240,159.28912162780762
Handover,10,10240,161.67759895324707
Handover,10,10240,158.4019660949707
Handover,10,10240,150.40349960327148
