Event_Type,Keys_Migrated,Key_Size,Migration_Time
Handover,6,10240,127.6087760925293
Handover,6,10240,131.92009925842285
Handover,6,10240,139.06574249267578
Handover,6,10240,138.1518840789795
Handover,6,10240,141.1142349243164
Handover,6,10240,136.4424228668213
Handover,6,10240,129.54092025756836
Handover,6,10240,141.07155799865723
Handover,6,10240,129.49442863464355
Handover,6,10240,131.17647171020508
Handover,6,10240,130.08809089660645
Handover,6,10240,129.82583045959473
Handover,6,10240,135.15973091125488
Handover,6,10240,130.02800941467285
Handover,6,10240,132.89237022399902
Handover,6,10240,127.75564193725586
Handover,6,10240,128.1287670135498
Handover,6,10240,136.4607810974121
Handover,6,10240,134.12070274353027
Handover,6,10240,138.33212852478027
