Event_Type,Keys_Migrated,Key_Size,Migration_Time
Hint,1,327680,25.6803035736084
Hint,1,327680,23.212194442749023
Hint,1,327680,15.207767486572266
Hint,1,327680,16.559600830078125
Hint,1,327680,18.117427825927734
Hint,1,327680,13.877391815185547
Hint,1,327680,15.797138214111328
Hint,1,327680,11.932373046875
Handover,7,327680,38.308143615722656
