Event_Type,Keys_Migrated,Key_Size,Migration_Time
Handover,11,10240,79.54287528991699
Handover,11,10240,78.91225814819336
Handover,11,10240,81.9404125213623
Handover,11,10240,83.72259140014648
Handover,11,10240,82.20100402832031
Handover,11,10240,80.05762100219727
Handover,11,10240,82.0314884185791
Handover,11,10240,80.51323890686035
Handover,11,10240,80.49917221069336
Handover,11,10240,83.65464210510254
Handover,11,10240,79.90097999572754
Handover,11,10240,79.76794242858887
Handover,11,10240,82.23891258239746
Handover,11,10240,77.29315757751465
Handover,11,10240,83.26530456542969
Handover,11,10240,81.62188529968262
Handover,11,10240,86.05575561523438
Handover,11,10240,83.16349983215332
Handover,11,10240,87.39924430847168
Handover,11,10240,78.61852645874023
Handover,11,10240,82.14783668518066
