Event_Type,Keys_Migrated,Key_Size,Migration_Time
Handover,11,10240,80.35826683044434
Handover,11,10240,86.89355850219727
Handover,11,10240,76.55787467956543
Handover,11,10240,77.69393920898438
Handover,11,10240,77.70705223083496
Handover,11,10240,78.06062698364258
Handover,11,10240,81.8321704864502
Handover,11,10240,87.00418472290039
Handover,11,10240,76.99847221374512
Handover,11,10240,75.86240768432617
Handover,11,10240,88.58132362365723
Handover,11,10240,77.09622383117676
Handover,11,10240,79.11157608032227
Handover,11,10240,78.44138145446777
Handover,11,10240,77.64983177185059
Handover,11,10240,78.62401008605957
Handover,11,10240,73.57501983642578
Handover,11,10240,76.9655704498291
Handover,11,10240,80.36565780639648
Handover,11,10240,72.92675971984863
Handover,11,10240,75.78754425048828
