Event_Type,Keys_Migrated,Key_Size,Migration_Time
Handover,11,10240,76.66277885437012
Handover,11,10240,76.51901245117188
Handover,11,10240,75.40440559387207
Handover,11,10240,84.73372459411621
Handover,11,10240,83.1151008605957
Handover,11,10240,71.01273536682129
Handover,11,10240,78.0172348022461
Handover,11,10240,74.1891860961914
Handover,11,10240,78.79185676574707
Handover,11,10240,75.02460479736328
Handover,11,10240,77.53181457519531
Handover,11,10240,75.63066482543945
Handover,11,10240,76.37882232666016
Handover,11,10240,81.61497116088867
Handover,11,10240,74.25117492675781
Handover,11,10240,77.68106460571289
Handover,11,10240,74.84197616577148
Handover,11,10240,75.46758651733398
Handover,11,10240,78.25398445129395
Handover,11,10240,74.37753677368164
Handover,11,10240,82.79752731323242
