Event_Type,Keys_Migrated,Key_Size,Migration_Time
Hint,1,10240,7.010459899902344
Hint,1,10240,5.379676818847656
Hint,1,10240,47.38926887512207
Hint,1,10240,43.52426528930664
Handover,7,10240,70.1746940612793
