Event_Type,Keys_Migrated,Key_Size,Migration_Time
Hint,1,10240,49.42464828491211
Hint,1,10240,41.696786880493164
Hint,1,10240,47.45984077453613
Handover,8,10240,56.479692459106445
