Event_Type,Keys_Migrated,Key_Size,Migration_Time
Hint,1,10240,61.39874458312988
Hint,1,10240,46.717166900634766
Hint,1,10240,54.5499324798584
Handover,8,10240,68.57657432556152
