Event_Type,Keys_Migrated,Key_Size,Migration_Time
Handover,23,32768,31.52942657470703
Handover,23,32768,32.52863883972168
Handover,23,32768,27.6029109954834
Handover,23,32768,33.6151123046875
Handover,23,32768,31.578540802001953
Handover,23,32768,30.302047729492188
Handover,23,32768,30.966758728027344
Handover,23,32768,32.746315002441406
Handover,23,32768,30.363082885742188
Handover,23,32768,36.21172904968262
Handover,23,32768,31.363248825073242
Handover,23,32768,32.08112716674805
Handover,23,32768,29.94704246520996
Handover,23,32768,31.155824661254883
Handover,23,32768,36.355018615722656
Handover,23,32768,30.797481536865234
Handover,23,32768,30.90667724609375
Handover,23,32768,29.796600341796875
Handover,23,32768,28.6867618560791
Handover,23,32768,39.33548927307129
