Event_Type,Keys_Migrated,Key_Size,Migration_Time
Handover,15,32768,29.35624122619629
Handover,15,32768,29.142379760742188
Handover,15,32768,31.091690063476562
Handover,15,32768,27.867555618286133
Handover,15,32768,29.355525970458984
Handover,15,32768,26.399850845336914
Handover,15,32768,31.27121925354004
Handover,15,32768,27.09364891052246
Handover,15,32768,28.66220474243164
Handover,15,32768,27.748823165893555
Handover,15,32768,26.905298233032227
Handover,15,32768,22.663354873657227
Handover,15,32768,29.097795486450195
Handover,15,32768,23.01311492919922
Handover,15,32768,28.217554092407227
Handover,15,32768,27.225732803344727
Handover,15,32768,31.100034713745117
Handover,15,32768,27.50396728515625
Handover,15,32768,30.492782592773438
Handover,15,32768,24.934768676757812
