Event_Type,Keys_Migrated,Key_Size,Migration_Time
Handover,31,32768,41.50819778442383
Handover,31,32768,37.74237632751465
Handover,31,32768,40.20571708679199
Handover,31,32768,40.75431823730469
Handover,31,32768,43.01905632019043
Handover,31,32768,40.015220642089844
Handover,31,32768,39.68524932861328
Handover,31,32768,39.5810604095459
Handover,31,32768,38.660287857055664
Handover,31,32768,45.29142379760742
Handover,31,32768,38.32387924194336
Handover,31,32768,40.24815559387207
Handover,31,32768,40.72690010070801
Handover,31,32768,38.72394561767578
Handover,31,32768,39.84403610229492
Handover,31,32768,38.24973106384277
Handover,31,32768,41.52965545654297
Handover,31,32768,39.34478759765625
Handover,31,32768,41.06020927429199
Handover,31,32768,43.07055473327637
