Event_Type,Keys_Migrated,Key_Size,Migration_Time
Handover,11,10240,79.09083366394043
Handover,11,10240,81.52556419372559
Handover,11,10240,80.54280281066895
Handover,11,10240,81.0697078704834
Handover,11,10240,78.67836952209473
Handover,11,10240,76.87497138977051
Handover,11,10240,77.74806022644043
Handover,11,10240,82.30996131896973
Handover,11,10240,82.9470157623291
Handover,11,10240,82.38863945007324
