Event_Type,Keys_Migrated,Key_Size,Migration_Time
Handover,10,10240,160.66551208496094
Handover,10,10240,165.56835174560547
Handover,10,10240,151.40032768249512
Handover,10,10240,160.50457954406738
Handover,10,10240,158.44464302062988
Handover,10,10240,167.98043251037598
Handover,10,10240,155.24053573608398
Handover,10,10240,157.91583061218262
Handover,10,10240,157.670259475708
Handover,10,10240,158.2794189453125
