Event_Type,Keys_Migrated,Key_Size,Migration_Time
Handover,6,10240,132.75957107543945
Handover,6,10240,138.16142082214355
Handover,6,10240,139.12343978881836
Handover,6,10240,132.38835334777832
Handover,6,10240,132.9786777496338
Handover,6,10240,130.537748336792
Handover,6,10240,140.4855251312256
Handover,6,10240,141.17932319641113
Handover,6,10240,131.11400604248047
Handover,6,10240,137.25614547729492
