Event_Type,Keys_Migrated,Key_Size,Migration_Time
Handover,10,10240,133.56971740722656
Handover,10,10240,134.1855525970459
Handover,10,10240,133.43572616577148
Handover,10,10240,130.1560401916504
Handover,10,10240,130.32102584838867
Handover,10,10240,131.75630569458008
Handover,10,10240,132.38978385925293
Handover,10,10240,132.87854194641113
Handover,10,10240,133.62360000610352
Handover,10,10240,128.7531852722168
Handover,10,10240,125.14400482177734
Handover,10,10240,129.05311584472656
Handover,10,10240,129.62055206298828
Handover,10,10240,137.30931282043457
Handover,10,10240,130.79404830932617
Handover,10,10240,127.19488143920898
Handover,10,10240,127.65264511108398
Handover,10,10240,131.54959678649902
Handover,10,10240,127.15506553649902
Handover,10,10240,124.75442886352539
Handover,10,10240,125.28800964355469
