Event_Type,Keys_Migrated,Key_Size,Migration_Time
Handover,10,10240,131.5481662750244
Handover,10,10240,131.79707527160645
Handover,10,10240,132.49659538269043
Handover,10,10240,132.8449249267578
Handover,10,10240,131.07609748840332
Handover,10,10240,131.5762996673584
Handover,10,10240,129.5754909515381
Handover,10,10240,128.75819206237793
Handover,10,10240,127.71964073181152
Handover,10,10240,121.75202369689941
Handover,10,10240,127.83551216125488
Handover,10,10240,125.05555152893066
Handover,10,10240,125.23365020751953
Handover,10,10240,127.8231143951416
Handover,10,10240,128.5994052886963
Handover,10,10240,126.40023231506348
Handover,10,10240,127.5014877319336
Handover,10,10240,126.91807746887207
Handover,10,10240,127.11477279663086
Handover,10,10240,126.58381462097168
Handover,10,10240,125.22697448730469
