Event_Type,Keys_Migrated,Key_Size,Migration_Time
Handover,10,10240,132.91478157043457
Handover,10,10240,131.52194023132324
Handover,10,10240,127.47645378112793
Handover,10,10240,123.46291542053223
Handover,10,10240,126.42598152160645
Handover,10,10240,124.6039867401123
Handover,10,10240,123.25620651245117
Handover,10,10240,124.93443489074707
Handover,10,10240,125.44083595275879
Handover,10,10240,126.11103057861328
Handover,10,10240,133.42952728271484
Handover,10,10240,127.7017593383789
Handover,10,10240,122.65324592590332
Handover,10,10240,125.22578239440918
Handover,10,10240,124.31478500366211
Handover,10,10240,123.32987785339355
Handover,10,10240,125.0760555267334
Handover,10,10240,126.19280815124512
Handover,10,10240,130.00249862670898
Handover,10,10240,124.80354309082031
Handover,10,10240,121.78468704223633
