Event_Type,Keys_Migrated,Key_Size,Migration_Time
Handover,10,10240,128.94749641418457
Handover,10,10240,128.54695320129395
Handover,10,10240,133.26597213745117
Handover,10,10240,137.0840072631836
Handover,10,10240,132.17449188232422
Handover,10,10240,136.2740993499756
Handover,10,10240,125.43725967407227
Handover,10,10240,132.34281539916992
Handover,10,10240,123.95262718200684
Handover,10,10240,131.01720809936523
Handover,10,10240,134.0024471282959
Handover,10,10240,120.58448791503906
Handover,10,10240,137.3145580291748
Handover,10,10240,126.6021728515625
Handover,10,10240,129.1520595550537
Handover,10,10240,124.28951263427734
Handover,10,10240,129.33707237243652
Handover,10,10240,131.1178207397461
Handover,10,10240,127.63833999633789
Handover,10,10240,124.35340881347656
