Event_Type,Keys_Migrated,Key_Size,Migration_Time
Hint,1,10240,50.13775825500488
Hint,1,10240,43.68472099304199
Hint,1,10240,43.87354850769043
Handover,8,10240,60.396432876586914
