Event_Type,Keys_Migrated,Key_Size,Migration_Time
Hint,1,10240,3.195524215698242
Hint,1,10240,6.595849990844727
Hint,1,10240,4.294157028198242
Hint,1,10240,3.467559814453125
Hint,1,10240,42.929887771606445
Hint,1,10240,43.55955123901367
Handover,5,10240,71.29287719726562
