Event_Type,Keys_Migrated,Key_Size,Migration_Time
Hint,1,10240,6.728649139404297
Hint,1,10240,4.528045654296875
Hint,1,10240,44.47579383850098
Hint,1,10240,42.61469841003418
Handover,6,10240,64.8961067199707
