Event_Type,Keys_Migrated,Key_Size,Migration_Time
Hint,1,10240,46.0667610168457
Hint,1,10240,41.62907600402832
Handover,9,10240,76.05433464050293
Hint,1,10240,46.50449752807617
Hint,1,10240,41.1067008972168
Handover,8,10240,61.67721748352051
