Event_Type,Keys_Migrated,Key_Size,Migration_Time
Hint,1,10240,6.930112838745117
Hint,1,10240,17.78578758239746
Hint,1,10240,54.40235137939453
Hint,1,10240,47.65605926513672
Hint,1,10240,48.19178581237793
Hint,1,10240,3.276824951171875
Handover,8,10240,74.31936264038086
