Event_Type,Keys_Migrated,Key_Size,Migration_Time
Hint,1,10240,50.101280212402344
Hint,1,10240,44.55828666687012
Hint,1,10240,43.67971420288086
Handover,8,10240,85.25872230529785
