Event_Type,Keys_Migrated,Key_Size,Migration_Time
Hint,1,10240,4.639148712158203
Hint,1,10240,5.225419998168945
Hint,1,10240,3.9153099060058594
Hint,1,10240,3.7622451782226562
Hint,1,10240,45.62997817993164
Hint,1,10240,43.53928565979004
Handover,5,10240,66.436767578125
Hint,1,10240,2.9251575469970703
Hint,1,10240,5.4779052734375
Hint,1,10240,4.6443939208984375
Hint,1,10240,4.138708114624023
Hint,1,10240,45.84240913391113
Hint,1,10240,42.51289367675781
Handover,5,10240,75.46663284301758
