Event_Type,Keys_Migrated,Key_Size,Migration_Time
Hint,1,10240,47.91402816772461
Hint,1,10240,54.52680587768555
Hint,1,10240,44.413089752197266
Handover,8,10240,78.72915267944336
Hint,1,10240,48.89345169067383
Hint,1,10240,47.917842864990234
Hint,1,10240,44.704437255859375
Hint,1,10240,2.060413360595703
Handover,6,10240,52.417755126953125
