Event_Type,Keys_Migrated,Key_Size,Migration_Time
Hint,1,10240,7.193088531494141
Hint,1,10240,4.496335983276367
Hint,1,10240,46.26059532165527
Hint,1,10240,40.958404541015625
Handover,7,10240,72.99280166625977
Hint,1,10240,6.421327590942383
Hint,1,10240,4.822731018066406
Hint,1,10240,43.1513786315918
Hint,1,10240,40.239572525024414
Handover,7,10240,70.53089141845703
